X,Y,objectid,globalid,reporting_date,total_case_daily_change,total_case_cumulative,deaths_daily_change,deaths_cumulative,strac_covid_positive_in_hospita,strac_covid_positive_in_icu,strac_covid_positive_on_ventila,strac_total_ventilators,strac_available_ventilators,strac_total_staffed_beds,strac_available_staffed_beds,day_number
,,1,{2EBBCC63-C35B-41E5-9137-0DD41C3B4735},2020/02/12 06:00:00,,,,0,,,,,,,,1
,,2,{864994C8-C30A-4CD4-8613-7547D7042CCC},2020/02/13 06:00:00,,,,0,,,,,,,,2
,,3,{9473983C-6BE0-4302-86E4-9F443AB3F5D3},2020/02/14 06:00:00,,,,0,,,,,,,,3
,,4,{E5D04D10-8256-4549-AA7D-AE1E08AF31C0},2020/02/15 06:00:00,,,,0,,,,,,,,4
,,5,{670FC8EB-EB50-4312-A1C4-54317022E533},2020/02/16 06:00:00,,,,0,,,,,,,,5
,,6,{7C5C759F-BE2A-4449-B083-25ABB4ACB0A3},2020/02/17 06:00:00,,,,0,,,,,,,,6
,,7,{76856BB8-399E-44A5-8007-CDD84F74EB4B},2020/02/18 06:00:00,,,,0,,,,,,,,7
,,8,{0A130471-4B06-40F2-96D1-C0CF82FFD8D5},2020/02/19 06:00:00,,,,0,,,,,,,,8
,,9,{A8DA0C1B-7BD6-450E-93E2-FA69B7724203},2020/02/20 06:00:00,,,,0,,,,,,,,9
,,10,{6086FD87-0A2A-4EDF-BA57-2BAFD637E5B7},2020/02/21 06:00:00,,,,0,,,,,,,,10
,,11,{583E84CC-2BDB-4C75-B93F-CC4BD8723EEF},2020/02/22 06:00:00,,,,0,,,,,,,,11
,,12,{A3029A59-622F-45D3-AB7F-22878C8C0D55},2020/02/23 06:00:00,,,,0,,,,,,,,12
,,13,{EC902D01-0644-4260-A8C2-A8558B00F6D5},2020/02/24 06:00:00,,,,0,,,,,,,,13
,,14,{B6A6BC58-7F03-4B41-8F2A-692BD7078592},2020/02/25 06:00:00,,,,0,,,,,,,,14
,,15,{BF0F15CC-3935-43B6-B7CF-FB94BD8419C3},2020/02/26 06:00:00,,,,0,,,,,,,,15
,,16,{4DCF33CA-70EF-4E2C-9234-407C18226C44},2020/02/27 06:00:00,,,,0,,,,,,,,16
,,17,{F0C003B2-F8B1-406B-A5B0-D903E02F1E5F},2020/02/28 06:00:00,,,,0,,,,,,,,17
,,18,{F89DCB23-1C20-459B-AC44-02F3EB17D0C6},2020/02/29 06:00:00,,,,0,,,,,,,,18
,,19,{3666FFAE-4628-45A3-A931-B67CF782D429},2020/03/01 06:00:00,,,,0,,,,,,,,19
,,20,{0CA09C70-ECD3-45D9-BBF6-51D85119966A},2020/03/02 06:00:00,,,,0,,,,,,,,20
,,21,{540A2DA8-EE03-4E09-8995-425F371748D4},2020/03/03 06:00:00,,,,0,,,,,,,,21
,,22,{22EC7AB0-34AC-4A85-80DC-34F05489DF65},2020/03/04 06:00:00,,,,0,,,,,,,,22
,,23,{E453F9CD-B208-4B94-8051-3FC01E0B1C77},2020/03/05 06:00:00,,,,0,,,,,,,,23
,,24,{5556B6DE-E681-48DD-8FF9-26FDC7EE3905},2020/03/06 06:00:00,,,,0,,,,,,,,24
,,25,{62AD28AE-31E4-4EEA-A3E4-FCDACD972850},2020/03/07 06:00:00,,,,0,,,,,,,,25
,,26,{D5A16844-ABCA-4878-9CE3-9205F0C32AC7},2020/03/08 06:00:00,,,,0,,,,,,,,26
,,27,{B121531C-1A30-4AA4-B608-A631DBFF9AEF},2020/03/09 05:00:00,,,,0,,,,,,,,27
,,28,{A93C030E-FF60-4F5D-B605-8AA64B04B542},2020/03/10 05:00:00,,,,0,,,,,,,,28
,,29,{84FAEC4B-9B58-4481-AA7C-EFCCBEE63058},2020/03/11 05:00:00,,,,0,,,,,,,,29
,,30,{F90FD7F4-4FE4-4620-876A-BEAA01173F1E},2020/03/12 05:00:00,,,,0,,,,,,,,30
,,31,{29F72807-430F-4F3B-B647-97D49EAB148B},2020/03/13 05:00:00,,,,0,,,,,,,,31
,,32,{7B5239FB-5051-49FC-88AA-D4DCC2ECC579},2020/03/14 05:00:00,,,,0,,,,,,,,32
,,33,{F83073F0-CCFB-4E14-B288-5DEF5A507241},2020/03/15 05:00:00,,,,0,,,,,,,,33
,,34,{A14D6945-F900-4521-A359-6F9F408FAC95},2020/03/16 05:00:00,,,,0,,,,,,,,34
,,35,{0E7526D3-2955-4E19-BB22-06A69015220C},2020/03/17 05:00:00,,,,0,,,,,,,,35
,,36,{122BC9D1-81A5-43CF-97D3-1192CB052061},2020/03/18 05:00:00,,,,0,,,,,,,,36
,,37,{EBEA1936-07B9-4CD8-AEAE-8BE989C4DBAF},2020/03/19 05:00:00,3,25,,0,,,,,,,,37
,,38,{C291D334-66D1-40C5-9EEE-5C68C26CE010},2020/03/20 05:00:00,7,32,,0,,,,,,,,38
,,39,{A988283B-40FB-40BC-B30B-D3961E351DD5},2020/03/21 05:00:00,10,42,,0,,,,,,,,39
,,40,{C04C9287-91D8-4188-922B-09E60E1E6001},2020/03/22 05:00:00,6,48,1,1,15,,,,,,,40
,,41,{C3B0748C-835F-41C0-B9ED-518EB07D1F11},2020/03/23 05:00:00,12,60,0,1,19,,,,,,,41
,,42,{0C3F6CF3-EEB9-452C-926B-58BDF33B8011},2020/03/24 05:00:00,12,72,1,2,28,,,,,,,42
,,43,{664F1B34-0430-4A95-82D9-C6FB357B9D42},2020/03/25 05:00:00,13,85,0,2,31,,,,,,,43
,,44,{D6811C8C-7EBB-4909-AB57-406DC0621645},2020/03/26 05:00:00,29,114,0,2,38,,,,,,,44
,,45,{6979AAF7-E783-4347-9B0B-2EBA1E48CD5D},2020/03/27 05:00:00,8,122,0,2,44,,,,,,,45
,,46,{2752044D-302A-4741-91D3-6A680905AC59},2020/03/28 05:00:00,18,140,3,5,52,,,,,,,46
,,47,{7A6D27A1-E679-4474-B842-07A48AFE78DB},2020/03/29 05:00:00,17,157,0,5,53,,,,,,,47
,,48,{F5B62C32-29C2-4EBC-AF44-42A2FB6DB6AE},2020/03/30 05:00:00,13,170,1,6,60,,,,,,,48
,,49,{04E5E5E5-7ACD-403D-8FD0-A435A179B862},2020/03/31 05:00:00,36,206,1,6,69,,,,,,,49
,,50,{82B93AAE-BE14-4075-9B5E-5EA5F511008A},2020/04/01 05:00:00,23,229,1,9,72,31,26,726,566,4580,1480,50
,,51,{9F051745-BDD0-45CA-BAAC-3D447A86F245},2020/04/02 05:00:00,25,254,0,9,67,32,27,707,532,4567,1969,51
,,52,{A4A103A0-58B0-40CC-B9CD-43F06F4CB459},2020/04/03 05:00:00,88,342,0,9,75,37,28,720,546,4601,2172,52
,,53,{03BCD590-D858-45C2-B43D-CE6D63A418AA},2020/04/04 05:00:00,42,384,2,11,80,43,34,766,606,4803,2310,53
,,54,{A5A7B28C-A4F9-446D-9530-575877BB88E4},2020/04/05 05:00:00,26,410,1,12,79,47,28,725,579,4752,1953,54
,,55,{77A5F4B0-1049-40E8-A135-F3FB921B60EB},2020/04/06 05:00:00,46,456,1,13,91,52,35,728,516,4807,2050,55
,,56,{AD85C14C-C53A-419E-BF50-C5FC1FEAB963},2020/04/07 05:00:00,47,503,0,13,88,51,40,725,498,4799,1843,56
,,57,{9AC6518F-8525-4A66-98D0-EBFACD8AD63D},2020/04/08 05:00:00,51,554,7,20,84,50,41,702,509,4838,2067,57
,,58,{C0499A03-8A1F-4D0C-AFFC-BCBF7EB602DF},2020/04/09 05:00:00,61,615,2,22,85,55,42,706,506,4848,2214,58
,,59,{3C5CBA27-830A-4FC6-B4AA-1BD0EA4AE306},2020/04/10 05:00:00,50,665,2,24,89,56,44,707,541,4821,2031,59
,,60,{DCF9B301-986A-4ECC-A5DB-253097DDA1EE},2020/04/11 05:00:00,58,723,3,27,84,52,46,702,554,4806,2013,60
,,61,{63F6253E-1342-4A72-8244-16BD643854FA},2020/04/12 05:00:00,49,772,0,27,89,52,40,742,579,4796,2034,61
,,62,{055E07E7-D081-4730-86AA-5CECE63D24BB},2020/04/13 05:00:00,22,794,6,33,88,52,37,709,546,4677,2000,62
,,63,{032F4EB2-6B72-45D6-8F22-65817D095119},2020/04/14 05:00:00,21,815,0,33,89,54,38,709,536,4696,1902,63
,,64,{DCBD2453-8BC1-4383-97E3-9B7C2759693A},2020/04/15 05:00:00,75,890,4,37,89,50,36,712,512,4694,2053,64
,,65,{0F9A449B-1216-4E58-B2D8-E97D7C5E2146},2020/04/16 05:00:00,28,918,0,37,76,51,35,708,541,4689,1873,65
,,66,{74D30B5A-A861-4D6B-8A45-E78651C33A5D},2020/04/17 05:00:00,41,959,0,37,80,47,25,705,542,4707,1615,66
,,67,{FAB9919D-DAE7-44FA-AC9F-7F8B5B7C6EE6},2020/04/18 05:00:00,33,992,1,38,76,44,24,704,542,4639,1789,67
,,68,{70AA1AB4-36BD-4226-A123-9D76C7ACE648},2020/04/19 05:00:00,23,1015,1,39,81,41,24,704,555,4707,1635,68
,,69,{F62D62C4-104E-4714-AC63-65CD6668A320},2020/04/20 05:00:00,14,1029,0,39,81,41,25,710,514,4700,1792,69
,,70,{02129154-3FF0-4896-BC01-B1F7E4EB0E2A},2020/04/21 05:00:00,51,1080,0,39,82,41,24,713,554,4730,1752,70
,,71,{08898409-0B66-492C-AFB8-FB4DFE742A24},2020/04/22 05:00:00,46,1126,0,39,79,38,22,713,575,4671,1763,71
,,72,{6D93481C-F37E-4F13-ACF0-895648C5A26E},2020/04/23 05:00:00,41,1167,4,43,64,32,20,712,567,4695,1596,72
,,73,{E21796BC-B7D9-4CC4-8376-62C9A89F9248},2020/04/24 05:00:00,28,1195,0,43,63,32,17,712,565,4686,1763,73
,,74,{DDF15626-2052-4803-8C8F-4E8324417879},2020/04/25 05:00:00,36,1231,0,43,62,32,17,709,545,4678,1830,74
,,75,{69832323-0820-45CE-86BB-6606DA7CC02D},2020/04/26 05:00:00,23,1254,1,43,58,33,17,709,548,4675,1765,75
,,76,{239469A3-B524-4DB5-A7A4-9DEE474A484D},2020/04/27 05:00:00,21,1275,1,44,59,34,16,711,548,4691,1764,76
,,77,{9AED4A66-0D74-42D8-958F-CAF374D83725},2020/04/28 05:00:00,32,1307,0,44,56,33,16,708,548,4686,1675,77
,,78,{111EB463-CAC0-49CE-8425-C2E136DE83DE},2020/04/29 05:00:00,19,1326,2,46,55,36,20,708,560,4686,1619,78
,,79,{CFD6295D-ED61-4458-87E4-70D489296360},2020/04/30 05:00:00,48,1374,2,48,55,37,21,711,560,4690,1585,79
,,80,{3F3B92F0-1129-482E-9C96-C5D89FF8C70E},2020/05/01 05:00:00,103,1477,0,48,60,42,21,711,551,4707,1618,80
,,81,{E06392F2-D57F-41BF-958A-3B8521B02CBC},2020/05/02 05:00:00,108,1585,0,48,58,37,20,707,556,4695,1698,81
,,82,{AC625699-6CF7-4556-8890-F9ED690E7280},2020/05/03 05:00:00,28,1613,0,48,59,34,20,707,557,4685,1808,82
,,83,{26ED164F-A758-4937-9B64-4D37EE5A9612},2020/05/04 05:00:00,39,1652,0,48,57,33,18,711,555,4681,1646,83
,,84,{928A93DF-B1A1-4AD5-86A4-5FA85B9593AB},2020/05/05 05:00:00,25,1677,4,52,61,35,25,708,541,4704,1494,84
,,85,{1C8AB152-B6C4-4E79-9BAC-FC6507C23B32},2020/05/06 05:00:00,84,1761,1,53,60,34,21,708,556,4727,1504,85
,,86,{A89F92DE-FD0B-491A-97E1-194CCCA95CA8},2020/05/07 05:00:00,44,1805,1,54,63,38,25,711,553,4734,1498,86
,,87,{369DD4C5-05D2-4B6D-B8CE-890357C4A308},2020/05/08 05:00:00,30,1835,2,56,63,34,21,708,550,4752,1613,87
,,88,{7392B56E-3498-4CBE-B60F-5AFAE58527DA},2020/05/09 05:00:00,52,1887,0,56,62,35,21,708,550,4729,1587,88
,,89,{180D0A01-2751-4F03-AB01-700D7350E1E0},2020/05/10 05:00:00,14,1901,0,56,61,37,22,713,549,4707,1668,89
,,90,{7095A7F6-19EF-4079-8102-279975FA15A9},2020/05/11 05:00:00,19,1920,1,57,63,44,26,717,553,4723,1779,90
,,91,{7E449336-2260-463D-BD62-D985F20DE329},2020/05/12 05:00:00,22,1942,0,57,66,43,27,717,544,4735,1499,91
,,92,{A6217346-6A17-4B7D-8647-95C71989E6E2},2020/05/13 05:00:00,34,1976,1,58,67,36,27,716,551,4734,1457,92
,,93,{AD45C49A-07C4-4E67-BDAC-93F795A94E31},2020/05/14 05:00:00,65,2041,1,59,65,38,26,718,554,4725,1479,93
,,94,{4B9A9A4E-8140-472C-BC1C-BDA66F41AD68},2020/05/15 05:00:00,79,2120,3,62,70,34,25,714,554,4721,1502,94
,,95,{0AD935AB-3127-4DD0-B963-0899EB867757},2020/05/16 05:00:00,72,2192,0,62,66,29,14,714,560,4719,1484,95
,,96,{2CBD74FB-620C-4549-BB45-BE88D67E4DEE},2020/05/17 05:00:00,16,2208,0,62,70,31,16,714,558,4687,1544,96
,,97,{3C728DFB-BEB6-4480-BFB5-68068D3DF8B0},2020/05/18 05:00:00,5,2213,0,62,77,36,18,712,567,4703,1610,97
,,98,{F05DBF71-84DA-4B9C-B395-363528BBFAE0},2020/05/19 05:00:00,65,2278,0,62,80,35,20,712,557,4721,1420,98
,,99,{63998D4C-277B-4AD5-8FF6-A96DDE8C4851},2020/05/20 05:00:00,44,2322,1,63,82,36,17,712,545,4734,1449,99
,,100,{05F4C96F-28E6-4238-A55F-ADE1AABF42DB},2020/05/21 05:00:00,49,2371,1,64,82,40,20,712,538,4720,1325,100
,,101,{304B09E6-3B3C-4C89-9F01-4D08C041B5BD},2020/05/22 05:00:00,21,2392,2,66,73,41,21,714,543,4704,1203,101
,,102,{05CF9444-FC9F-41F4-BF01-6332DCBBCBDD},2020/05/23 05:00:00,26,2418,0,66,70,38,19,714,546,4725,1510,102
,,103,{BCBE266C-E021-4C75-8185-CFF7AE4721D6},2020/05/24 05:00:00,24,2442,3,69,79,41,20,712,551,4737,1542,103
,,104,{3C5E9E0B-155A-4FB0-9E2A-C60BCFDBB917},2020/05/25 05:00:00,7,2449,0,69,84,43,17,711,562,4718,1530,104
,,105,{E1EC30F4-950B-4882-BEBB-A3717F8F56C6},2020/05/26 05:00:00,31,2480,0,69,87,44,19,713,568,4712,1463,105
,,106,{ED85DBAD-72A6-4B9B-9B59-1957AB9A0DF6},2020/05/27 05:00:00,45,2525,1,70,92,39,19,717,558,4736,1559,106
,,107,{118C54C5-7E00-499D-B2FD-87BAA60A4944},2020/05/28 05:00:00,58,2583,1,71,95,41,22,717,566,4736,1489,107
,,108,{91ABED60-5922-4D7E-8630-00ED537C7067},2020/05/29 05:00:00,53,2636,1,72,91,40,25,707,566,4729,1430,108
,,109,{25726735-7197-4827-8C1B-3C62D9C0E498},2020/05/30 05:00:00,189,2825,1,73,83,39,20,707,558,4724,1393,109
,,110,{6475339C-7681-4203-8CFA-4D70DE2CC7A5},2020/05/31 05:00:00,5,2830,1,74,92,39,22,704,558,4702,1462,110
,,111,{DE50EBBE-613E-4F25-BAD5-5F639FB4219C},2020/06/01 05:00:00,9,2839,1,75,93,39,20,704,554,4686,1430,111
,,112,{3CD186A3-8A03-484C-A7FE-9B91DEAD3CB2},2020/06/02 05:00:00,43,2882,0,75,92,35,21,701,562,4729,1364,112
,,113,{7615F1FE-C590-4E39-B252-95D4F5CC484B},2020/06/03 05:00:00,71,2953,3,78,90,37,21,704,562,4743,1534,113
,,114,{9DCEA625-26A9-4ACC-94A3-A95972D91D1F},2020/06/04 05:00:00,65,3018,0,78,93,36,19,704,559,4731,1486,114
,,115,{17C13863-E24B-44FA-A258-4F64B7E4B67A},2020/06/05 05:00:00,125,3143,0,78,88,37,19,704,551,4729,1408,115
,,116,{5970A7F8-B7B8-4FF4-94F9-D6A4797921E2},2020/06/06 05:00:00,147,3290,0,78,84,34,16,704,555,4709,1487,116
,,117,{F75E4F30-6AFE-4170-822B-0CF00040227A},2020/06/07 05:00:00,21,3311,0,78,90,32,17,704,553,4706,1488,117
,,118,{DDB74546-3143-4023-9C78-2CE4BCEC527E},2020/06/08 05:00:00,22,3333,0,78,96,38,23,703,539,4693,1643,118
,,119,{30D4C70F-B33B-4948-BED8-21D0FA800AAE},2020/06/09 05:00:00,180,3513,2,80,107,43,24,702,539,4720,1444,119
,,120,{7A392796-A2BE-4913-9AE1-940170B3F2A8},2020/06/10 05:00:00,135,3648,0,80,108,50,28,702,543,4739,1219,120
,,121,{5755B0FD-4D78-41A8-8404-036A0C865C3A},2020/06/11 05:00:00,192,3840,2,82,122,54,25,696,542,4733,1324,121
,,122,{C71FEDAF-E427-40EF-BBFE-EAA00C0B10EA},2020/06/12 05:00:00,172,4012,2,84,138,58,26,696,540,4749,1315,122
,,123,{0B2A68CC-BC30-4175-A1C3-05F6342AC194},2020/06/13 05:00:00,230,4242,4,88,148,58,26,702,548,4747,1233,123
,,124,{4225245F-5BA7-41B7-B6BC-C1DF171418B3},2020/06/14 05:00:00,151,4393,0,88,176,70,29,702,547,4747,1160,124
,,125,{4DF44314-52AC-4FE6-B74B-FAE4DB5C5858},2020/06/15 05:00:00,44,4437,1,89,187,72,33,696,528,4689,1200,125
,,126,{FBB95579-E7DF-4723-A2E3-15FB4313A264},2020/06/16 05:00:00,436,4876,0,89,212,82,41,696,536,4735,1147,126
,,127,{30498A9C-9D58-4298-904A-E64EFDA33DBE},2020/06/17 05:00:00,269,5142,1,90,241,91,43,696,527,4773,1176,127
,,128,{DED5D90F-BC4A-4561-AABF-C466C89352E8},2020/06/18 05:00:00,408,5550,2,92,267,92,40,687,534,4728,1129,128
,,129,{7D9E3B82-8583-405D-8953-1075C5749F24},2020/06/19 05:00:00,412,5962,4,96,322,101,50,687,533,4686,1153,129
,,130,{BD0A24A3-6CBE-458B-B6DF-4CABC65BB4D5},2020/06/20 05:00:00,382,6344,0,96,336,111,49,693,531,4686,1242,130
,,131,{39C6D87B-AF2F-4607-8DC3-818E9625DA12},2020/06/21 05:00:00,538,6882,1,97,406,133,64,693,527,4707,1328,131
,,132,{E30D0F4F-95D0-47AE-9463-A488009EF9D6},2020/06/22 05:00:00,274,7156,0,97,446,124,60,687,497,4707,1375,132
,,133,{E263F724-B25C-419D-B711-5A923519B87C},2020/06/23 05:00:00,311,7467,3,100,518,146,79,687,485,4713,1207,133
,,134,{BCA1E8C5-BC85-4FFC-AE5B-477F2A507906},2020/06/24 05:00:00,347,7814,4,104,555,164,82,690,479,4739,1172,134
,,135,{FF56C69F-85BC-4378-A553-826148B41C7E},2020/06/25 05:00:00,638,8452,0,104,628,202,94,686,468,4737,1187,135
,,136,{C3721ABA-0E6F-4BE2-89D5-A9DCF17E4264},2020/06/26 05:00:00,405,8857,1,105,699,221,117,686,451,4719,1205,136
,,137,{E84B8C2D-5E93-40F4-9890-3344628394B0},2020/06/27 05:00:00,795,9652,2,107,730,219,112,685,449,4722,984,137
,,138,{588D8A38-0063-4605-B26C-BAB2B8B557C2},2020/06/28 05:00:00,495,10147,2,109,802,265,138,603,433,4713,1270,138
,,139,{ED84E24D-99E5-4F6A-8A1E-17739D86C991},2020/06/29 05:00:00,650,10797,0,109,881,274,154,689,401,4709,1172,139
,,140,{92D789C7-06AF-429F-9886-925081FBDA25},2020/06/30 05:00:00,1268,12065,1,110,966,288,158,695,408,4632,1069,140
,,141,{D36F5DCE-9BA6-4FFC-BB53-1323A03168FF},2020/07/01 05:00:00,439,12504,1,111,1019,324,175,705,403,4785,1285,141
,,142,{D734193F-35D4-4330-B937-21B48EE3158A},2020/07/02 05:00:00,374,12878,4,115,1074,332,180,703,398,4302,574,142
,,143,{FE071A9A-CEFA-45D6-84AC-6E349B8218BB},2020/07/03 05:00:00,1334,14212,2,117,1089,345,192,692,392,4310,596,143
,,144,{3A487337-5EE4-4543-BDFD-11BEC8A061E4},2020/07/04 05:00:00,341,14553,5,122,1120,351,191,706,395,4292,647,144
,,145,{F8427F79-6619-4045-ABA2-B32DFEA9AD3C},2020/07/05 05:00:00,198,14751,8,130,1142,365,197,707,400,4421,455,145
,,146,{7A36B766-8952-4619-ABFA-D7C6A2E551E7},2020/07/06 05:00:00,351,15102,2,132,1168,382,213,716,362,4442,514,146
,,147,{8D1A4597-CA15-4D8E-946E-D6D9A4E93E0A},2020/07/07 05:00:00,778,15880,5,137,1235,389,221,741,371,4495,475,147
,,148,{F74C4F4F-410C-43AE-AD07-48DB2F02A931},2020/07/08 05:00:00,845,16725,9,146,1205,399,232,741,355,4505,482,148
,,149,{BC1F7FC7-B2FD-419C-835B-5709964867AB},2020/07/09 05:00:00,954,17679,19,165,1216,399,231,739,335,3869,429,149
,,150,{F20D32D6-BBBD-4683-98D2-CBF7817DA4F0},2020/07/10 05:00:00,923,18602,1,166,1240,416,248,769,355,3863,322,150
,,151,{0A12761A-AC04-444D-BD30-81B235E1C987},2020/07/11 05:00:00,535,19137,9,175,1221,401,249,752,324,3808,422,151
,,152,{86EECE65-3EE7-4142-85C0-50F0B75CC3CF},2020/07/12 05:00:00,511,19648,9,184,1265,419,246,787,373,3870,387,152
,,153,{E6EBBCC0-81BF-427A-BBC5-BB59D8A41973},2020/07/13 05:00:00,565,20213,11,195,1267,421,257,790,354,3944,408,153
,,154,{D339538E-9F60-4DEC-BCF4-571EC55F48BE},2020/07/14 05:00:00,854,21067,6,201,1237,417,260,777,340,3870,426,154
,,155,{9276A8EF-BB71-4AA1-9D82-EA9D9A0FDC26},2020/07/15 05:00:00,479,21546,7,208,1231,438,274,780,339,3883,422,155
,,156,{76C6E644-3AC6-4056-86D7-4FBB061367C9},2020/07/16 05:00:00,5501,27047,21,229,1202,430,277,779,360,3939,464,156
,,157,{9F61F626-9FB4-442B-8CCA-73FB7E1B4098},2020/07/17 05:00:00,478,27525,11,240,1166,436,298,781,349,4019,460,157
,,158,{1493D78F-AD22-4E31-BA36-6AD2AE9033C0},2020/07/18 05:00:00,1108,28633,11,251,1144,426,293,780,372,3910,419,158
,,159,{9D6C543B-58B2-4D70-B87F-6D5FA4C573D1},2020/07/19 05:00:00,2202,30835,6,257,1199,431,299,784,378,3862,390,159
,,160,{72364B75-3E94-4FAF-9126-ABF9B7DA4A6B},2020/07/20 05:00:00,481,31316,5,262,1193,430,294,788,386,3880,424,160
,,161,{57CADE0A-1A20-4C51-B96E-558CA26B8144},2020/07/21 05:00:00,551,31867,12,274,1166,435,288,796,372,3873,372,161
,,162,{72DB2EA1-7687-45D4-86CB-453691BAE60B},2020/07/22 05:00:00,1688,33555,9,283,1113,429,287,807,411,3948,481,162
,,163,{7443EE89-9192-4530-913D-E2E48BD82459},2020/07/23 05:00:00,1078,34633,15,298,1074,437,286,769,355,3907,487,163
,,164,{7305880D-3401-4A64-BF16-017612555782},2020/07/24 05:00:00,299,34932,15,313,1059,430,294,751,331,3950,442,164
,,165,{A5C5A6B8-D304-4E76-AB26-61B8CF552558},2020/07/25 05:00:00,758,35690,9,322,1047,419,290,755,336,3829,502,165
,,166,{A02CB49D-1DF0-4F93-8DAF-C83261045572},2020/07/26 05:00:00,393,36083,1,323,1044,418,287,755,349,3771,446,166
,,167,{4FACD71D-F162-4C79-AAE1-A25D6F7DBE6E},2020/07/27 05:00:00,355,36438,0,323,1073,431,294,760,343,3772,401,167
,,168,{4B47F16D-9486-4331-8508-FFD34E27CA16},2020/07/28 05:00:00,1546,37984,12,335,1045,413,283,762,346,3821,454,168
,,169,{709D7363-4610-400B-9B9F-F5091DBF9A2D},2020/07/29 05:00:00,946,38930,7,342,1007,389,269,764,305,3817,446,169
,,170,{B46A906F-15BC-4ABA-A660-72784F977D73},2020/07/30 05:00:00,1323,40253,5,347,965,380,250,764,413,3879,486,170
,,171,{6F3D53D8-18A5-4F83-A68D-65C08B196304},2020/07/31 05:00:00,550,40803,2,349,926,364,252,755,402,3868,565,171
,,172,{EF3B46C8-2851-41A4-BBAF-064EF9FFD078},2020/08/01 05:00:00,374,41177,3,352,874,352,244,760,411,3921,523,172
,,173,{967A72ED-F94D-438C-A592-0A2897EE898A},2020/08/02 05:00:00,,41082,16,368,879,357,246,769,411,4387,783,173
,,174,{281C02ED-1EDF-4044-8908-57A2543B3126},2020/08/03 05:00:00,56,41138,2,370,886,350,238,760,386,4376,693,174
,,175,{081B547E-3649-4F22-B352-588290D03C92},2020/08/04 05:00:00,136,41274,10,380,858,336,234,765,383,4420,760,175
,,176,{81762E39-F107-46F1-B37E-277AB2DF4F74},2020/08/05 05:00:00,340,41614,14,394,817,345,238,755,370,4473,597,176
,,177,{07AC4A3F-54D9-40F6-BF16-4119385757D6},2020/08/06 05:00:00,325,41939,12,406,801,345,238,758,379,4436,563,177
0.0,0.0,179,{C7DF1F18-0C20-4987-8604-F91B41343C16},2020/08/07 17:00:00,360,42299,16,422,770,339,231,771,396,4514,604,178
0.0,0.0,180,{11F51D00-BE57-4291-8735-2731F7A1C6FD},2020/08/08 17:00:00,232,42531,10,432,743,328,229,770,402,4496,666,179
0.0,0.0,181,{89E4491D-A1E3-4B26-8F39-234ED3AB0FFA},2020/08/09 17:00:00,252,42783,13,445,738,322,220,772,402,4495,676,180
0.0,0.0,182,{366F9AE1-7906-4530-88F7-9FEF347429EB},2020/08/10 17:00:00,176,42959,10,455,725,305,216,771,388,4515,681,181
0.0,0.0,183,{58793BDB-B8C9-43B8-8273-B0E5BFEA5D2A},2020/08/11 17:00:00,205,43164,64,519,720,317,216,767,371,4557,737,182
0.0,0.0,184,{AD06D1E3-13EC-4432-8DFA-C246F8DA56ED},2020/08/12 17:00:00,291,43455,26,545,710,309,213,767,396,4539,678,183
0.0,0.0,185,{AF97CD3B-C0C8-4A7A-87ED-ACB1D066B24E},2020/08/13 17:00:00,218,43673,15,560,694,311,213,767,391,4534,705,184
0.0,0.0,186,{AA4B44A2-CFD0-46C2-89A5-0938BADBC919},2020/08/14 17:00:00,150,43823,18,578,651,306,195,765,423,4526,725,
0.0,0.0,187,{D89D2ABF-9D1A-42D0-8F74-0215A2908AE1},2020/08/15 17:00:00,170,43993,13,591,598,285,194,772,430,4562,808,
0.0,0.0,188,{29B2E78F-2FF1-42EA-8CAF-B2153AB42A33},2020/08/16 17:00:00,59,44052,7,598,612,279,192,774,435,4554,825,
0.0,0.0,189,{395E98EF-A86A-4BD1-8852-6D32433739C6},2020/08/17 17:00:00,70,44122,19,617,603,267,188,774,430,4509,808,
0.0,0.0,190,{12B970CA-F8C6-44CF-8FA2-4CABFC4D8376},2020/08/18 17:00:00,143,44265,20,637,569,255,184,766,420,4545,624,
0.0,0.0,191,{66F859C2-D21C-4797-81BF-C7FF77FF2CB0},2020/08/19 17:00:00,191,44456,19,656,546,247,162,766,427,4566,632,
0.0,0.0,192,{2C1DB911-81E8-43EC-84E8-95F2EE291C76},2020/08/20 17:00:00,185,44642,21,677,532,239,163,764,426,4566,684,
0.0,0.0,193,{CF8864F6-09AD-4B7F-85E2-87A7A6143F74},2020/08/21 17:00:00,173,44814,21,698,520,232,153,764,437,4619,650,
0.0,0.0,194,{5A98318E-F73F-4ABE-8C68-C463D7BCA379},2020/08/22 17:00:00,137,45156,14,712,482,213,144,764,442,4537,704,
0.0,0.0,195,{C89A36E3-395A-4C3D-8C38-675BF0964B2B},2020/08/23 17:00:00,99,45255,9,721,478,206,144,764,463,4518,778,
0.0,0.0,196,{A2C526F9-8306-47BC-8480-704AA1431C4D},2020/08/24 17:00:00,109,45364,4,725,473,207,139,764,454,4549,764,
0.0,0.0,197,{37D17117-2091-4B9A-8B3D-A7B82C2C758F},2020/08/25 17:00:00,124,45488,16,741,458,209,139,768,454,4544,682,
0.0,0.0,198,{9B615422-27B9-4CF8-88A4-03289431A536},2020/08/26 17:00:00,134,45622,13,754,436,202,134,771,459,4519,632,
0.0,0.0,199,{28FD0984-89EE-4D65-8FFA-071D0417C344},2020/08/27 17:00:00,189,45811,13,767,412,197,132,773,470,4515,654,
0.0,0.0,200,{FEAEA268-4F35-431C-8101-3BC1C97C87AE},2020/08/28 17:00:00,272,46083,13,780,393,196,125,774,479,4579,643,
0.0,0.0,201,{BD51198B-8C79-4B8A-82DF-0F67FA94D7E8},2020/08/29 17:00:00,208,46291,13,793,366,174,111,773,494,4505,603,
0.0,0.0,202,{B1E39FB7-E568-489D-8094-0BC8BF7F85D5},2020/08/30 17:00:00,110,46401,9,802,366,162,103,773,498,4460,716,
0.0,0.0,203,{AD639643-B504-4B18-82A1-039524E7D086},2020/08/31 17:00:00,40,46441,7,809,386,155,95,767,504,4505,774,
0.0,0.0,204,{04EF905E-CC8F-4228-8819-45A0CCD54230},2020/09/01 17:00:00,222,46663,13,822,366,157,93,767,501,4484,628,
0.0,0.0,205,{7ED5324A-EC82-4B74-8485-756D44853319},2020/09/02 17:00:00,250,46913,13,835,356,164,93,767,506,4477,610,
0.0,0.0,206,{C0468A52-083A-4F93-847F-D2986CDB67C1},2020/09/03 17:00:00,157,47070,16,851,344,155,87,767,502,4550,604,
0.0,0.0,207,{8CDEE0D5-A883-4F93-8953-1CDAF12EB421},2020/09/04 17:00:00,114,47184,22,873,323,145,83,765,509,4519,601,
0.0,0.0,208,{1EFED977-9101-4800-896C-017DB805704D},2020/09/05 17:00:00,131,47315,20,893,317,141,81,765,510,4455,641,
0.0,0.0,209,{50571C33-1B80-48D9-8463-1553312DD1AD},2020/09/06 17:00:00,228,47543,6,978,306,141,83,765,516,803,4392,
0.0,0.0,210,{04FDE49B-FB0F-46A7-8807-EA6F2D60F43C},2020/09/08 17:00:00,193,47736,1,979,304,134,81,762,515,4423,785,
0.0,0.0,211,{983ED168-A357-43A8-8C28-A36E6F998A81},2020/09/09 17:00:00,151,47887,2,981,298,130,84,765,510,4487,647,
0.0,0.0,212,{E5A73919-0522-40DC-86D8-5F2C95AAB7CC},2020/09/10 17:00:00,69,47956,9,990,284,128,80,765,499,4520,571,
0.0,0.0,213,{AB89B360-91DD-4E7E-8F22-7FEA2B5486EB},2020/09/11 17:00:00,118,48074,1,991,278,113,59,765,523,4520,613,
0.0,0.0,214,{D135EB23-BF09-4E71-86AD-2F156F46E428},2020/09/12 17:00:00,124,48198,1,992,260,110,55,765,524,4502,693,
0.0,0.0,215,{9B508EAB-552E-4639-8F41-A942F6864399},2020/09/13 17:00:00,142,49915,1,1016,246,108,54,765,495,4442,706,
0.0,0.0,216,{BE489036-9EFF-460B-8A8A-4A94052265E2},2020/09/14 17:00:00,101,50106,0,1016,248,105,51,765,521,4442,700,
0.0,0.0,217,{1CC3F97D-C38E-430C-8346-1BB841127F03},2020/09/15 17:00:00,115,50131,3,1019,228,105,47,765,511,4479,547,
0.0,0.0,218,{C5FB6A6A-9B5D-4F1E-85FA-8816829D6898},2020/09/16 17:00:00,153,50284,3,1022,210,100,42,758,516,4478,568,
0.0,0.0,220,{37715059-6EEA-4EC4-8195-16F018AC76AF},2020/09/17 17:00:00,141,50425,2,1024,214,100,43,758,520,4488,595,
0.0,0.0,222,{BB4D8441-B364-426C-83A6-8F374863F4D1},2020/09/18 17:00:00,162,50587,1,1025,218,99,43,768,524,4548,593,
0.0,0.0,223,{A921376E-3B85-42B9-8E20-72D9E87AB45B},2020/09/19 17:00:00,173,50760,0,1025,214,89,43,768,533,4496,709,
0.0,0.0,224,{3400B481-D51E-433F-8312-7E4461133AEE},2020/09/20 17:00:00,108,53341,1,1061,225,92,45,768,544,4438,803,
0.0,0.0,225,{EF69BFA2-3C76-4048-8BE5-E5B1B1B5350C},2020/09/21 17:00:00,102,53443,1,1062,226,85,45,768,550,4485,863,
0.0,0.0,226,{92E639CD-0122-40D5-80DB-1DC6E91A4931},2020/09/22 17:00:00,196,53639,6,1068,233,86,42,767,537,4501,626,
0.0,0.0,227,{6EE05EBA-FB68-4CEB-83ED-7D0C62442915},2020/09/23 17:00:00,155,53794,0,1068,228,87,41,767,539,4487,596,
0.0,0.0,228,{737482B7-3BDF-4DC9-83AC-BE9614474858},2020/09/24 17:00:00,177,53971,5,1073,231,87,36,772,564,4481,554,
0.0,0.0,229,{6051E9F0-C7F5-4CD5-81C4-444CC3A6E90B},2020/09/25 17:00:00,224,54195,0,1073,225,83,34,767,556,4499,526,
0.0,0.0,230,{F28A7CFD-3650-4E25-871C-F4C7F9B100D1},2020/09/26 17:00:00,100,54295,1,1074,228,85,30,767,557,4503,668,
0.0,0.0,231,{0D97559E-0D9F-4BCF-8F74-35BED8C1D214},2020/09/27 17:00:00,56,57145,3,1130,221,86,34,764,556,4489,736,
0.0,0.0,232,{3FA6B6BF-6610-461D-8403-1E9B6124A026},2020/09/28 17:00:00,63,57208,0,1130,220,86,34,762,570,4425,733,
0.0,0.0,233,{A0B2BD2B-7A0E-4004-8C9C-BF8CEB39F31B},2020/09/29 17:00:00,469,57677,5,1135,230,81,29,764,550,4429,583,
